{
    "rmse": 0.617998879095657,
    "mae": 0.5082039739546917,
    "r2": 0.2982356415483174
}